INSERT INTO customers (id,name,email) VALUES(1,'Daniel','dkottow@gmail.com');
INSERT INTO customers (id,name,email) VALUES(2,'Soledad','sgaspar@foo.mail');
INSERT INTO products (id,name,price) VALUES(1,'Car',9000);
INSERT INTO products (id,name,price) VALUES(2,'Apple',0.99);
INSERT INTO products (id,name,price) VALUES(3,'Doll',29.5);
INSERT INTO products (id,name,price) VALUES(4,'Book',12);
INSERT INTO orders (id,order_date,customer_id,total_amount) VALUES(1,'2015-01-16',1,113.28);
INSERT INTO orders (id,order_date,customer_id,total_amount) VALUES(2,'2015-01-13',1,29.5);
INSERT INTO orders (id,order_date,customer_id,total_amount) VALUES(3,'2015-01-12',1,9000);
INSERT INTO orders (id,order_date,customer_id,total_amount) VALUES(4,'2015-01-15',2,18031.48);
INSERT INTO orders (id,order_date,customer_id,total_amount) VALUES(5,'2015-01-02',1,50.5);
INSERT INTO orders (id,order_date,customer_id,total_amount) VALUES(6,'2015-01-02',1,60.5);
INSERT INTO orders (id,order_date,customer_id,total_amount) VALUES(7,'2015-01-02',1,70.5);
INSERT INTO orders (id,order_date,customer_id,total_amount) VALUES(8,'2015-01-02',1,80.5);
INSERT INTO orders (id,order_date,customer_id,total_amount) VALUES(9,'2015-01-02',1,90.5);
INSERT INTO orders (id,order_date,customer_id,total_amount) VALUES(10,'2015-01-02',1,100.5);
INSERT INTO products_in_orders (id,order_id,product_id,unit_price,quantity) VALUES(1,1,4,12,2);
INSERT INTO products_in_orders (id,order_id,product_id,unit_price,quantity) VALUES(2,1,3,29.5,1);
INSERT INTO products_in_orders (id,order_id,product_id,unit_price,quantity) VALUES(3,3,1,9000,1);
INSERT INTO products_in_orders (id,order_id,product_id,unit_price,quantity) VALUES(4,2,4,9.8,2);
INSERT INTO products_in_orders (id,order_id,product_id,unit_price,quantity) VALUES(5,2,2,0.99,10);
INSERT INTO products_in_orders (id,order_id,product_id,unit_price,quantity) VALUES(6,1,2,0.99,20);
INSERT INTO products_in_orders (id,order_id,product_id,unit_price,quantity) VALUES(7,1,3,19.99,2);
INSERT INTO products_in_orders (id,order_id,product_id,unit_price,quantity) VALUES(8,4,2,0.99,2);
INSERT INTO products_in_orders (id,order_id,product_id,unit_price,quantity) VALUES(9,4,1,9000,2);
INSERT INTO products_in_orders (id,order_id,product_id,unit_price,quantity) VALUES(10,4,3,29.5,1);
